<DesignerProperty>
  <Header>
    <Name>cccBaseAxisTooltipAutoContent</Name>
    <Parent>BaseProperty</Parent>
    <DefaultValue>value</DefaultValue>
    <Description>baseAxisTooltipAutoContent</Description>
    <Tooltip>Indicates the type of automatic content generated for the tooltip of axis' labels.</Tooltip>
    <InputType type="valuelist"/>
    <OutputType>String</OutputType>
    <Order>236</Order>
    <Advanced>true</Advanced>
    <Version>2.0</Version>
  </Header>
  <Values>
    <Value display="Summary">summary</Value>
    <Value display="Value">value</Value>
  </Values>
</DesignerProperty>
