<DesignerProperty>
  <Header>
    <Name>cccBaseAxisDoubleClickAction</Name>
    <Parent>BaseProperty</Parent>
    <DefaultValue></DefaultValue>
    <Description>baseAxisDoubleClickAction</Description>
    <Tooltip>A callback function that is called when the user double-clicks on a tick label (applies to discrete axes).</Tooltip>
    <InputType>JavaScript</InputType>
    <OutputType>Function</OutputType>
    <Order>214</Order>
    <Advanced>true</Advanced>
    <Version>2.0</Version>
  </Header>
</DesignerProperty>
