<DesignerProperty>
  <Header>
    <Name>cccBaseAxisPosition</Name>
    <Parent>BaseProperty</Parent>
    <DefaultValue></DefaultValue>
    <Description>baseAxisPosition</Description>
    <Tooltip>The position of the axis panel.</Tooltip>
    <InputType type="valuelist"/>
    <OutputType>String</OutputType>
    <Order>223</Order>
    <Advanced>true</Advanced>
    <Version>2.0</Version>
  </Header>
  <Values>
    <Value display="Bottom">bottom</Value>
    <Value display="Left">left</Value>
    <Value display="Right">right</Value>
    <Value display="Top">top</Value>
  </Values>
</DesignerProperty>
