<DesignerProperty>
  <Header>
    <Name>OLanguage</Name>
    <Parent>BaseProperty</Parent>
    <DefaultValue></DefaultValue>
    <Description>oLanguage</Description>
    <Tooltip>Change the table language information using oLanguage object properties, from v1.9 and earlier. Example: { "sLengthMenu": "information" }</Tooltip>
    <InputType>JavaScript</InputType>
    <OutputType>String</OutputType>
    <Order>17</Order>
    <Version>1.0</Version>
    <Advanced>true</Advanced>
  </Header>
</DesignerProperty>
