<DesignerProperty>
<Header>
	<Name>externalPlugin</Name>
	<Parent>BaseProperty</Parent>
	<DefaultValue></DefaultValue>
	<Description>jQuery Plugin</Description>
	<Tooltip>jQuery plugin to render select tags</Tooltip>
	<InputType type="valuelist"/>
	<OutputType>String</OutputType>
	<Order>41</Order>
	<Version>1.0</Version>
</Header>
<Values>
    <Value display="Select2">select2</Value>
    <Value display="Chosen">chosen</Value>
    <Value display="Hynds">hynds</Value>
  </Values>
</DesignerProperty>