<?xml version="1.0" encoding="UTF-8"?>
<cpk>
    <elementTypes defaultElement="main">
        <elementType name="Dashboard" class="pt.webdetails.cpk.elements.impl.DashboardElement">
            <elementLocations>
                <elementLocation path="dashboards/admin" isRecursive="true" pattern=".*\.wcdf" adminOnly="true"/>
                <elementLocation path="dashboards/" isRecursive="true" pattern=".*\.wcdf" adminOnly="false"/>
            </elementLocations>
        </elementType>
        <elementType name="Kettle" class="pt.webdetails.cpk.elements.impl.KettleJobElement">
            <elementLocations>
                <elementLocation path="endpoints/kettle/admin" isRecursive="true" pattern=".*\.kjb" adminOnly="true"/>
                <elementLocation path="endpoints/kettle/" isRecursive="true" pattern=".*\.kjb" adminOnly="false"/>
            </elementLocations>
        </elementType>
        <elementType name="Kettle" class="pt.webdetails.cpk.elements.impl.KettleTransformationElement">
            <elementLocations>
                <elementLocation path="endpoints/kettle/admin" isRecursive="true" pattern=".*\.ktr" adminOnly="true"/>
                <elementLocation path="endpoints/kettle/" isRecursive="true" pattern=".*\.ktr" adminOnly="false"/>
            </elementLocations>
        </elementType>
    </elementTypes> 
    <info>
        <CPK_version>5</CPK_version>
        <description>Pentaho Plugin allowing synchronization between JCR and the File System</description>
        <name>Pentaho Repository Synchronizer</name>
        <author_email>community@pentaho.com</author_email>
        <company_name>Webdetails</company_name>
        <company_url>http://redmine.webdetails.org/projects/prs</company_url>
        <creation_date>2013-09-17</creation_date>
    </info>
</cpk> 
