<DesignerComponent>
  <Header>
    <Name>Table Component</Name>
    <IName>Table</IName>
    <Description>table Component</Description>
    <Category>OTHERCOMPONENTS</Category>
    <CatDescription>Others</CatDescription>
    <Type>PalleteEntry</Type>
  </Header>
  <Contents>
    <Model>
      <Property>htmlObject</Property>
      <Property>listeners</Property>
      <Property name="parameters">xActionArrayParameter</Property>
      <Definition name="chartDefinition">
        <Property>dataSource</Property>
        <Property name="clickAction">cccClickAction</Property>
        <Property name="colHeaders">colHeaders</Property>
        <Property name="colTypes">colTypes</Property>
        <Property name="colFormats">colFormats</Property>
        <Property name="colWidths">colWidths</Property>
        <Property name="colSortable">colSortable</Property>
        <Property name="colSearchable">colSearchable</Property>
        <Property name="paginate">paginate</Property>
        <Property>paginateServerside</Property>
        <Property name="paginationType">paginationType</Property>
        <Property name="filter">filter</Property>
        <Property name="info">info</Property>
        <Property name="sort">sort</Property>
        <Property name="sortBy">sortBy</Property>
        <Property name="displayLength">displayLength</Property>
        <Property name="lengthChange">lengthChange</Property>
        <Property name="tableStyle">tableStyle</Property>
        <Property>drawCallback</Property>
        <Property name="sDom">sDom</Property>
        <Property name="oLanguage">oLanguage</Property>
        <Property name="language">dtLanguage</Property>
      </Definition>
      <Property>executeAtStart</Property>
      <Property>preChange</Property>
      <Property>postChange</Property>
      <Property>postFetch</Property>
      <Property>preExecution</Property>
      <Property>postExecution</Property>
      <Property>refreshPeriod</Property>
      <Property>tooltip</Property>
      <Property>extraOptions</Property>
      <Property>expandParameters</Property>
      <Property>expandOnClick</Property>
      <Property>expandContainerObject</Property>
    </Model>
  </Contents>
</DesignerComponent>
