{
    "appTitle": "Portuguese (Brazilian variant) Language Pack Installer",
    "appWelcomeMessage": "This plugin installs language definitions for the brazilian variant of the Portuguese language in Pentaho 5",
    "language": "Português do Brasil",
    "languageCode": "pt_BR",
    "version": "14.07.03",
    "pentahoVersion": "5.1.0",
    "maintainer": {
        "name": "Oncase, Open Consulting, IT4biz",
        "email": "pentahobr@yahoogrupos.com.br",
        "img": "",
        "url": "http://br.groups.yahoo.com/neo/groups/pentahobr/info"
    },
    "credits": [
        {
            "name": "Oncase",
            "email": "iande@oncase.com.br",
            "img": "",
            "url": "http://www.oncase.com.br/"
        },
        {
            "name": "Open Consulting",
            "email": "rgouvea@openconsulting.com.br",
            "img": "",
            "url": "http://www.openconsulting.com.br/"
        },
        {
            "name": "IT4biz",
            "email": "caio@it4biz.com.br",
            "img": "http://www.it4biz.com.br/extras/logo-it4biz-wordpress.png",
            "url": "http://www.it4biz.com.br/"
        }
    ],
    "sponsors": [
        {
            "name": "",
            "email": "",
            "img": "",
            "url": ""
        }
    ]

}
