<?xml version="1.0" encoding="UTF-8"?>
<beans xmlns="http://www.springframework.org/schema/beans" xmlns:context="http://www.springframework.org/schema/context"
  xmlns:xsi="http://www.w3.org/2001/XMLSchema-instance" xmlns:ws="http://jax-ws.dev.java.net/spring/core" xmlns:wss="http://jax-ws.dev.java.net/spring/servlet"
  xsi:schemaLocation="http://www.springframework.org/schema/beans http://www.springframework.org/schema/beans/spring-beans-2.5.xsd
                           http://www.springframework.org/schema/context http://www.springframework.org/schema/context/spring-context-2.5.xsd
                           http://www.springframework.org/schema/util http://www.springframework.org/schema/util/spring-util-2.5.xsd
                           http://jax-ws.dev.java.net/spring/core http://jax-ws.dev.java.net/spring/core.xsd
                           http://jax-ws.dev.java.net/spring/servlet http://jax-ws.dev.java.net/spring/servlet.xsd">

  <context:annotation-config />
    <bean id="cda" class="pt.webdetails.cda.CdaContentGenerator" scope="prototype"/>
    
    <bean id="CdaQueryComponent" class="pt.webdetails.cda.CdaQueryComponent" />
  
    <bean id="cda.IQueryCache" class="pt.webdetails.cda.cache.EHCacheQueryCache" scope="prototype"/>
    <!-- JAX-RS beans -->
    <bean id="api" class="pt.webdetails.cpf.JAXRSCLPluginServlet"/>
    <bean id="cda.api" class="pt.webdetails.cda.CdaUtils" />

    <bean id="cda.edit" class="pt.webdetails.cda.CdaContentGenerator" scope="prototype">
        <property name="edit" value="true" />
    </bean>

    <bean id="CdaCacheWarmup" class="pt.webdetails.cda.cache.scheduler.CdaCacheWarmer"/>
    <bean id="CdaCacheMonitor" class="pt.webdetails.cda.cache.endpoints.CacheMonitorEndpoint" />
    <bean id="CdaCacheScheduler" class="pt.webdetails.cda.cache.endpoints.CacheControllerEndpoint" />
</beans>
