<?xml version="1.0" encoding="UTF-8"?>
<!--
   Apache Maven 2 POM generated by Apache Ivy
   http://ant.apache.org/ivy/
   Apache Ivy version: 2.3.0 20130110142753
-->
<project xmlns="http://maven.apache.org/POM/4.0.0" xmlns:xsi="http://www.w3.org/2001/XMLSchema-instance"
    xsi:schemaLocation="http://maven.apache.org/POM/4.0.0 http://maven.apache.org/maven-v4_0_0.xsd">

  <modelVersion>4.0.0</modelVersion>
  <groupId>pentaho</groupId>
  <artifactId>sparkl</artifactId>
  <packaging>zip</packaging>
  <version>TRUNK-SNAPSHOT</version>
</project>
